{"X":{"0":-2.1665092082,"1":-1.521812878,"2":-0.2928877644,"3":0.1604882706,"4":-0.7828510276,"5":-0.5174022093,"6":2.6965689059,"7":0.2752038547,"8":-1.2115924962,"9":0.5872427288,"10":-0.981836479,"11":-2.4385497459,"12":0.136117484,"13":-0.807588172,"14":0.0200811058,"15":1.7598602819,"16":0.0528975192,"17":-0.8998103184,"18":1.5884497491,"19":-2.1761616447,"20":-1.2172154499,"21":1.3544692927,"22":1.4772274067,"23":-0.3262204977,"24":-0.783868767}}